,age1tot,age2tot,age3tot,age4tot,age5tot,age6tot,age7tot,age8tot,age9tot,ancs10tot,ancs11tot,ancs12tot,ancs13tot,ancs14tot,ancs15tot,ancs1tot,ancs2tot,ancs3tot,ancs4tot,ancs5tot,ancs6tot,ancs7tot,ancs8tot,ancs9tot,ancs_oth_tot,apg1tot,apg2tot,apg3tot,apg4tot,apg5tot,birthtot,bpl10tot,bpl11tot,bpl12tot,bpl13tot,bpl14tot,bpl15tot,bpl1tot,bpl2tot,bpl3tot,bpl4tot,bpl5tot,bpl6tot,bpl7tot,bpl8tot,bpl9tot,bpl_oth_tot,bwt1tot,bwt2tot,bwt3tot,bwt4tot,bwt5tot,bwt6tot,bwt7tot,bwt8tot,bwt9tot,educ1tot,educ2tot,educ3tot,eth_ap_tot,eth_bl_tot,eth_hi_tot,eth_wh_tot,ga1tot,ga2tot,ga3tot,ga4tot,ga5tot,mar1tot,mar2tot,mth1tot,mth2tot,mth3tot,mth4tot,nat1tot,nat2tot,par1tot,par2tot,pay1tot,pay2tot,pay3tot,pd,plur1tot,plur2tot,pob1tot,pob2tot,pob3tot,pob4tot,pob5tot,prenat1tot,prenat2tot,prenat3tot,prenat4tot,sex1tot,sex2tot,tract,weight1tot,weight2tot,weight3tot,weight4tot
184,,,10.0,42.0,39.0,68.0,72.0,27.0,6.0,,5.0,,,6.0,,72.0,13.0,14.0,,5.0,,23.0,,,94.0,,,6.0,250.0,,266.0,,,,,,7.0,151.0,10.0,,,5.0,,,,,79.0,,,,6.0,21.0,59.0,97.0,61.0,18.0,,,,26.0,126.0,44.0,58.0,,,,25.0,236.0,124.0,142.0,152.0,,83.0,30.0,151.0,115.0,129.0,137.0,,,,1014,243.0,23.0,,204.0,57.0,,,,,,,136.0,130.0,1019000.0,,,,
193,,,,22.0,16.0,38.0,22.0,13.0,,,,,,,,28.0,7.0,6.0,,5.0,,12.0,,,29.0,,,6.0,104.0,,116.0,,,,,,,78.0,,,,,,,,,27.0,,,,,16.0,27.0,31.0,35.0,,,,,10.0,52.0,20.0,30.0,,,,14.0,98.0,56.0,60.0,70.0,,30.0,14.0,78.0,38.0,63.0,53.0,,,,1014,104.0,12.0,,94.0,21.0,,,,,,,61.0,55.0,1019800.0,,,,
195,,,8.0,24.0,32.0,46.0,32.0,10.0,,,,,,,,47.0,5.0,5.0,9.0,,,12.0,,,47.0,,,,140.0,,153.0,,,,,,,103.0,5.0,7.0,,,,,,,30.0,,,,,7.0,39.0,60.0,33.0,10.0,,,,,68.0,31.0,43.0,,,,5.0,143.0,71.0,82.0,95.0,,37.0,19.0,103.0,50.0,87.0,66.0,,,,1014,147.0,6.0,5.0,126.0,22.0,,,,,,,78.0,75.0,1020000.0,,,,
201,,,16.0,52.0,66.0,70.0,53.0,18.0,,,5.0,,,,,109.0,10.0,13.0,,,,14.0,,,98.0,5.0,,15.0,253.0,,280.0,,,,,,,168.0,8.0,,,5.0,,,,,87.0,,,,6.0,19.0,58.0,115.0,64.0,14.0,,,,11.0,173.0,39.0,45.0,,,,23.0,249.0,158.0,122.0,173.0,6.0,67.0,34.0,168.0,112.0,139.0,141.0,,,,1014,267.0,13.0,,179.0,99.0,,,,,,,133.0,147.0,1020800.0,,,,
203,,11.0,27.0,77.0,110.0,97.0,65.0,10.0,,,,,,,,173.0,44.0,52.0,,,,20.0,,,74.0,6.0,5.0,20.0,361.0,,398.0,,,,,,,296.0,38.0,,,,,,,,45.0,,6.0,8.0,7.0,29.0,99.0,149.0,76.0,24.0,,,,14.0,228.0,123.0,21.0,5.0,8.0,7.0,40.0,338.0,281.0,117.0,247.0,8.0,98.0,45.0,296.0,102.0,200.0,197.0,,,,1014,385.0,13.0,,243.0,154.0,,,,,,,220.0,178.0,1021000.0,,,,
205,,,8.0,30.0,56.0,79.0,56.0,12.0,,,5.0,,,,,107.0,6.0,24.0,,,,13.0,,,65.0,,,13.0,217.0,7.0,244.0,,,,,,,155.0,14.0,,,5.0,,,5.0,,48.0,,,,,14.0,36.0,115.0,59.0,12.0,,,,17.0,155.0,42.0,23.0,,,,13.0,223.0,138.0,106.0,153.0,7.0,57.0,27.0,155.0,89.0,138.0,106.0,,,,1014,235.0,9.0,8.0,165.0,71.0,,,,,,,107.0,137.0,1021200.0,,,,
207,,,8.0,28.0,38.0,37.0,29.0,,,,,,,,,63.0,9.0,5.0,,,,6.0,,,48.0,,,6.0,131.0,,142.0,,,,,,,92.0,,,,,,,,,40.0,,,,,10.0,34.0,56.0,29.0,8.0,,,,6.0,93.0,22.0,15.0,,,,8.0,127.0,74.0,68.0,94.0,,28.0,16.0,92.0,50.0,83.0,58.0,,,,1014,140.0,,,86.0,54.0,,,,,,,75.0,67.0,1021400.0,,,,
212,,,16.0,88.0,89.0,137.0,89.0,37.0,,11.0,8.0,,,6.0,,130.0,19.0,35.0,5.0,5.0,,28.0,8.0,,158.0,,7.0,34.0,412.0,6.0,462.0,,,,5.0,,,279.0,22.0,,,9.0,,,,,129.0,,,,11.0,30.0,109.0,175.0,106.0,24.0,,,,19.0,234.0,88.0,106.0,,7.0,,34.0,415.0,266.0,196.0,295.0,15.0,109.0,42.0,279.0,183.0,234.0,227.0,,,,1014,450.0,12.0,5.0,338.0,118.0,,,,,,,230.0,232.0,1022000.0,,,,
214,,,18.0,36.0,38.0,45.0,68.0,12.0,,,,,,,,75.0,19.0,,,,5.0,23.0,,,71.0,,,14.0,201.0,,223.0,,,,,,,155.0,,,,,,,,,57.0,,,,,16.0,43.0,93.0,49.0,17.0,,,,7.0,112.0,31.0,68.0,,,,7.0,210.0,122.0,101.0,156.0,,37.0,26.0,155.0,68.0,112.0,111.0,,,,1014,215.0,8.0,,156.0,64.0,,,,,,,106.0,117.0,1022200.0,,,,
217,,15.0,32.0,123.0,115.0,101.0,56.0,17.0,,,,,,,,198.0,48.0,85.0,5.0,,,7.0,,,92.0,,6.0,28.0,422.0,,459.0,,,,,,,306.0,62.0,,,5.0,,,,,73.0,,,,8.0,29.0,121.0,185.0,93.0,21.0,,,,7.0,256.0,168.0,22.0,,,10.0,27.0,420.0,344.0,115.0,305.0,13.0,90.0,51.0,306.0,152.0,199.0,260.0,,,,1014,437.0,22.0,,250.0,208.0,,,,,,,225.0,234.0,1022400.0,,,,
219,,,9.0,50.0,58.0,76.0,51.0,18.0,,,,,,,,80.0,11.0,32.0,8.0,,,19.0,5.0,,77.0,,,13.0,246.0,,263.0,,,,,,,145.0,18.0,8.0,,,,5.0,,,75.0,,,5.0,,14.0,55.0,102.0,60.0,21.0,,,,10.0,142.0,61.0,40.0,,,,12.0,240.0,143.0,120.0,145.0,9.0,73.0,35.0,145.0,118.0,123.0,139.0,,,,1014,255.0,8.0,,167.0,95.0,,,,,,,135.0,128.0,1022600.0,,,,
184,,7.0,13.0,44.0,42.0,56.0,53.0,14.0,,5.0,,,,,,73.0,14.0,9.0,7.0,5.0,,18.0,,,78.0,,,,224.0,,233.0,,,,,,,133.0,5.0,7.0,,,,,,,70.0,,,,5.0,14.0,51.0,97.0,51.0,14.0,,,,17.0,120.0,48.0,42.0,,,5.0,22.0,205.0,118.0,115.0,157.0,,56.0,19.0,134.0,97.0,119.0,113.0,,,,610,223.0,10.0,,170.0,61.0,,,,,,,130.0,103.0,1019000.0,,,,
192,,,,11.0,11.0,25.0,13.0,,,,,,,,,27.0,,,,,,,,,24.0,,,,59.0,,66.0,,,,,,,45.0,,,,,,,,,13.0,,,,,,17.0,24.0,15.0,,,,,5.0,41.0,9.0,10.0,,,,8.0,54.0,35.0,31.0,43.0,,15.0,8.0,45.0,21.0,40.0,26.0,,,,610,65.0,,,50.0,15.0,,,,,,,29.0,37.0,1019800.0,,,,
194,,,8.0,6.0,33.0,45.0,26.0,13.0,,,,,,,,44.0,,,7.0,,,9.0,,,47.0,,,7.0,117.0,,131.0,,,,,,,75.0,,7.0,,,,,,,36.0,,,,,5.0,22.0,53.0,31.0,16.0,,,,,65.0,23.0,35.0,,,,6.0,122.0,53.0,78.0,82.0,,32.0,13.0,75.0,56.0,77.0,54.0,,,,610,127.0,,,99.0,27.0,,,,,,,65.0,66.0,1020000.0,,,,
203,,,17.0,46.0,74.0,78.0,54.0,21.0,,,,,,,,113.0,13.0,15.0,,,,11.0,,,118.0,5.0,,17.0,267.0,,295.0,,,,,,,163.0,9.0,,,,,,,5.0,104.0,,,,8.0,22.0,69.0,116.0,58.0,17.0,,,,7.0,197.0,38.0,47.0,,,5.0,23.0,262.0,171.0,124.0,181.0,7.0,74.0,31.0,166.0,128.0,145.0,149.0,,,,610,285.0,10.0,,174.0,118.0,,,,,,,145.0,150.0,1020800.0,,,,
205,,23.0,40.0,95.0,97.0,71.0,65.0,17.0,,,,,,,,194.0,61.0,54.0,,,,12.0,,,51.0,11.0,,27.0,360.0,5.0,408.0,,,,,,,318.0,35.0,,,,,,,,40.0,5.0,,6.0,14.0,37.0,101.0,136.0,82.0,24.0,,,,11.0,242.0,135.0,15.0,8.0,8.0,5.0,49.0,338.0,315.0,93.0,247.0,13.0,100.0,47.0,325.0,83.0,194.0,212.0,,,,610,381.0,27.0,,228.0,179.0,,,,,,,213.0,195.0,1021000.0,,,,
207,,5.0,17.0,43.0,44.0,66.0,35.0,13.0,,,6.0,,,7.0,,111.0,10.0,11.0,6.0,,,15.0,,,44.0,,,14.0,196.0,8.0,224.0,6.0,,,,,,156.0,8.0,5.0,,5.0,,,,,35.0,,,,9.0,8.0,45.0,88.0,54.0,15.0,,,,11.0,153.0,34.0,21.0,,,6.0,7.0,205.0,139.0,85.0,145.0,5.0,54.0,20.0,156.0,68.0,143.0,81.0,,,,610,216.0,8.0,,142.0,78.0,,,,,,,106.0,118.0,1021200.0,,,,
209,,6.0,7.0,25.0,44.0,31.0,24.0,10.0,,,,,,,,85.0,8.0,5.0,,,,,,,30.0,,,11.0,128.0,,149.0,,,,,,,107.0,,,,,,,,,33.0,,,,,10.0,38.0,61.0,28.0,5.0,,,,,109.0,18.0,14.0,,,,15.0,127.0,91.0,58.0,96.0,,36.0,13.0,108.0,41.0,89.0,59.0,,,,610,149.0,,,91.0,57.0,,,,,,,72.0,77.0,1021400.0,,,,
215,,12.0,15.0,91.0,88.0,121.0,82.0,35.0,,6.0,8.0,,,,,160.0,23.0,37.0,,,,20.0,,6.0,148.0,9.0,,18.0,403.0,15.0,448.0,,,,7.0,,,268.0,21.0,,,9.0,8.0,,,,119.0,,,6.0,9.0,25.0,103.0,163.0,115.0,23.0,,,,14.0,264.0,87.0,71.0,,8.0,5.0,32.0,400.0,274.0,174.0,305.0,5.0,99.0,38.0,269.0,177.0,213.0,234.0,,,,610,428.0,20.0,5.0,332.0,110.0,,,,,,,227.0,221.0,1022000.0,,,,
218,,,14.0,35.0,42.0,52.0,35.0,21.0,,,,,,,,91.0,11.0,6.0,,,,5.0,,,69.0,,,8.0,191.0,,203.0,,,,,,,127.0,6.0,,,,,,,,59.0,,,,7.0,13.0,39.0,70.0,52.0,17.0,,,,6.0,130.0,37.0,27.0,,,,15.0,177.0,127.0,76.0,126.0,,46.0,29.0,128.0,75.0,88.0,115.0,,,,610,193.0,10.0,,132.0,71.0,,,,,,,96.0,107.0,1022200.0,,,,
221,,21.0,34.0,143.0,109.0,84.0,52.0,22.0,,,,,,,,217.0,38.0,77.0,11.0,5.0,,5.0,,,91.0,6.0,7.0,36.0,410.0,5.0,469.0,,,,,,,308.0,53.0,6.0,5.0,,,,,,86.0,,5.0,9.0,14.0,25.0,123.0,173.0,96.0,22.0,,,,14.0,278.0,154.0,18.0,7.0,10.0,8.0,39.0,405.0,354.0,115.0,295.0,7.0,97.0,69.0,310.0,159.0,206.0,263.0,,,,610,449.0,20.0,,260.0,204.0,,,,,,,237.0,232.0,1022400.0,,,,
223,,,21.0,60.0,51.0,65.0,34.0,10.0,5.0,,,,,,,110.0,10.0,18.0,7.0,,,6.0,,,74.0,5.0,,11.0,227.0,,249.0,,,,,,,150.0,7.0,7.0,,,,,,,76.0,,,,,24.0,51.0,86.0,62.0,15.0,,,,12.0,175.0,48.0,11.0,,,,17.0,224.0,158.0,91.0,146.0,6.0,66.0,31.0,150.0,98.0,110.0,139.0,,,,610,239.0,10.0,,139.0,109.0,,,,,,,123.0,126.0,1022600.0,,,,
186,,8.0,15.0,32.0,43.0,28.0,47.0,7.0,,,,,,,,68.0,16.0,,5.0,,,10.0,,,64.0,,,,174.0,,183.0,,,,,,,113.0,,5.0,,,,,,,50.0,,,,7.0,11.0,39.0,74.0,45.0,7.0,,,,7.0,107.0,42.0,25.0,,,6.0,18.0,158.0,115.0,68.0,126.0,,39.0,14.0,114.0,67.0,97.0,86.0,,,,408,171.0,12.0,,135.0,48.0,,,,,,,92.0,91.0,1019000.0,,,,
194,,,,8.0,24.0,24.0,10.0,,,,,,,,,35.0,6.0,,5.0,,,,,,20.0,,,5.0,65.0,,73.0,,,,,,,50.0,,5.0,,,,,,,12.0,,,,,,13.0,31.0,13.0,7.0,,,,,50.0,15.0,5.0,,,,5.0,62.0,42.0,31.0,46.0,,15.0,10.0,50.0,23.0,39.0,34.0,,,,408,70.0,,,54.0,16.0,,,,,,,30.0,43.0,1019800.0,,,,
196,,,8.0,14.0,27.0,42.0,31.0,14.0,,,,,,,,51.0,6.0,5.0,10.0,,,5.0,,,50.0,,,8.0,121.0,,136.0,,,,,,,72.0,,8.0,,,,,,,42.0,,,,,9.0,33.0,55.0,22.0,10.0,,,,5.0,79.0,27.0,23.0,,,,11.0,119.0,68.0,68.0,92.0,,32.0,10.0,72.0,64.0,76.0,60.0,,,,408,126.0,10.0,,100.0,35.0,,,,,,,69.0,67.0,1020000.0,,,,
205,,,19.0,60.0,79.0,71.0,41.0,21.0,,,5.0,,,,,125.0,14.0,7.0,,,,9.0,,,122.0,5.0,5.0,22.0,255.0,6.0,294.0,,,,,,,162.0,,,,,,,,6.0,107.0,,5.0,5.0,7.0,29.0,70.0,99.0,59.0,20.0,,,,6.0,222.0,28.0,34.0,6.0,,,22.0,259.0,172.0,122.0,188.0,,74.0,28.0,165.0,128.0,140.0,153.0,,,,408,278.0,16.0,,164.0,126.0,,,,,,,151.0,143.0,1020800.0,,,,
208,,20.0,37.0,91.0,96.0,74.0,70.0,18.0,,,,,,,,219.0,59.0,44.0,,,,5.0,,,60.0,10.0,5.0,24.0,364.0,,408.0,,,,,,,315.0,31.0,,,,,,,,50.0,,,10.0,9.0,29.0,101.0,153.0,79.0,20.0,,,,13.0,258.0,123.0,12.0,6.0,12.0,5.0,38.0,347.0,314.0,94.0,266.0,11.0,81.0,49.0,327.0,81.0,184.0,224.0,,,,408,382.0,26.0,,232.0,174.0,,,,,,,200.0,208.0,1021000.0,,,,
210,,6.0,14.0,35.0,39.0,44.0,36.0,15.0,,,,,,,,117.0,10.0,7.0,5.0,,,7.0,,,32.0,,,13.0,166.0,8.0,192.0,,,,,,,143.0,6.0,,,,,,,,29.0,,,,7.0,12.0,43.0,66.0,47.0,11.0,,,,8.0,143.0,25.0,15.0,5.0,,,8.0,173.0,128.0,64.0,122.0,5.0,58.0,7.0,144.0,48.0,120.0,72.0,,,,408,182.0,10.0,,129.0,61.0,,,,,,,88.0,104.0,1021200.0,,,,
212,,6.0,,27.0,37.0,39.0,26.0,8.0,,,,,,,,85.0,5.0,,,,,,,,39.0,,,10.0,128.0,,148.0,,,,,,,99.0,,,,5.0,,,,,37.0,,,,,11.0,33.0,64.0,26.0,8.0,,,,,117.0,17.0,10.0,,,,17.0,126.0,90.0,58.0,94.0,,37.0,13.0,99.0,49.0,81.0,67.0,,,,408,148.0,,,84.0,64.0,,,,,,,65.0,83.0,1021400.0,,,,
218,,13.0,17.0,80.0,110.0,128.0,58.0,24.0,,8.0,7.0,,,,,163.0,28.0,42.0,,5.0,,12.0,6.0,7.0,135.0,,,21.0,386.0,21.0,434.0,,,,,,,256.0,19.0,,,9.0,9.0,,,,116.0,,,5.0,7.0,23.0,85.0,172.0,120.0,18.0,,,,17.0,259.0,97.0,59.0,,6.0,,29.0,392.0,260.0,174.0,299.0,5.0,91.0,38.0,261.0,168.0,197.0,236.0,,,,408,416.0,18.0,6.0,311.0,117.0,,,,,,,216.0,218.0,1022000.0,,,,
220,,,10.0,34.0,43.0,42.0,37.0,19.0,,,,,,,,88.0,11.0,8.0,,,,,,,60.0,,,9.0,169.0,5.0,186.0,,,,,,,113.0,7.0,,,,,,,,56.0,,,,5.0,14.0,38.0,64.0,49.0,11.0,,,,6.0,126.0,36.0,18.0,,,,16.0,160.0,111.0,75.0,123.0,,41.0,22.0,114.0,72.0,76.0,110.0,,,,408,180.0,6.0,,123.0,60.0,,,,,,,87.0,99.0,1022200.0,,,,
223,,31.0,44.0,133.0,107.0,83.0,52.0,21.0,,,,,,,,224.0,43.0,66.0,11.0,10.0,,,,,99.0,7.0,5.0,44.0,405.0,12.0,474.0,,,,,,,305.0,44.0,8.0,10.0,5.0,,,,,90.0,,7.0,10.0,13.0,29.0,115.0,180.0,92.0,26.0,,,,21.0,286.0,146.0,17.0,10.0,9.0,10.0,39.0,406.0,365.0,109.0,313.0,10.0,95.0,54.0,309.0,162.0,211.0,263.0,,,,408,457.0,17.0,,263.0,208.0,,,,,,,235.0,239.0,1022400.0,,,,
225,,,25.0,55.0,66.0,60.0,35.0,5.0,,,5.0,,,,,123.0,16.0,11.0,10.0,,,,,,70.0,5.0,8.0,16.0,222.0,,254.0,,,,,,,158.0,,8.0,,5.0,,,,,71.0,,,5.0,10.0,17.0,60.0,89.0,51.0,19.0,,,,6.0,188.0,49.0,10.0,,5.0,,21.0,224.0,174.0,80.0,167.0,5.0,58.0,24.0,160.0,93.0,104.0,150.0,,,,408,244.0,10.0,,126.0,126.0,,,,,,,138.0,116.0,1022600.0,,,,
185,,6.0,11.0,31.0,34.0,19.0,37.0,9.0,,,,,,,,69.0,13.0,,6.0,,,,,,45.0,,,6.0,140.0,,150.0,,,,,,,97.0,,6.0,,,,,,,36.0,,,,7.0,11.0,38.0,57.0,31.0,6.0,35.0,41.0,74.0,,100.0,33.0,13.0,,,,19.0,126.0,104.0,46.0,104.0,5.0,26.0,15.0,97.0,53.0,68.0,82.0,92.0,56.0,,206,138.0,12.0,,109.0,40.0,,,97.0,36.0,10.0,,66.0,84.0,1019000.0,7.0,60.0,29.0,46.0
193,,,,12.0,22.0,32.0,17.0,,,,,,,,,51.0,,,8.0,,,,,,18.0,,,5.0,81.0,,90.0,,,,,,,56.0,,8.0,,,,,,,16.0,,,,,5.0,22.0,35.0,17.0,6.0,23.0,24.0,42.0,,67.0,20.0,,,,,9.0,76.0,52.0,38.0,62.0,,13.0,12.0,56.0,34.0,42.0,48.0,48.0,41.0,,206,83.0,7.0,,67.0,20.0,,,59.0,13.0,6.0,,44.0,46.0,1019800.0,7.0,35.0,22.0,21.0
195,,,8.0,28.0,41.0,41.0,29.0,10.0,,,,,,,,68.0,7.0,,15.0,,,,,,57.0,,,7.0,144.0,6.0,159.0,,,,,,,82.0,,13.0,,,,,9.0,,43.0,,,,5.0,10.0,37.0,65.0,28.0,12.0,34.0,32.0,89.0,7.0,105.0,34.0,12.0,,,5.0,10.0,142.0,95.0,64.0,112.0,,33.0,11.0,83.0,75.0,72.0,87.0,96.0,60.0,,206,147.0,12.0,,108.0,51.0,,,93.0,33.0,17.0,5.0,83.0,76.0,1020000.0,8.0,79.0,30.0,38.0
204,,,22.0,67.0,82.0,78.0,43.0,21.0,,,7.0,,,,,156.0,20.0,5.0,,,,,,,118.0,,7.0,31.0,264.0,9.0,317.0,,,,,,,186.0,,,,6.0,,,,,108.0,,7.0,8.0,8.0,30.0,77.0,110.0,56.0,19.0,92.0,116.0,106.0,5.0,256.0,31.0,25.0,10.0,9.0,5.0,25.0,268.0,216.0,101.0,201.0,6.0,80.0,30.0,193.0,122.0,137.0,180.0,244.0,66.0,7.0,206,296.0,21.0,,175.0,139.0,,,202.0,66.0,35.0,,171.0,146.0,1020800.0,24.0,131.0,73.0,82.0
207,,24.0,30.0,83.0,83.0,76.0,62.0,14.0,,,,,,,,226.0,50.0,36.0,,,,,,,52.0,6.0,7.0,19.0,333.0,9.0,374.0,,,,,,,287.0,31.0,,,,,,,,45.0,,8.0,9.0,8.0,29.0,88.0,138.0,71.0,22.0,110.0,98.0,166.0,7.0,260.0,105.0,,7.0,11.0,10.0,23.0,323.0,275.0,99.0,255.0,5.0,70.0,44.0,297.0,77.0,164.0,210.0,254.0,118.0,,206,346.0,28.0,,207.0,165.0,,,268.0,73.0,23.0,,201.0,173.0,1021000.0,17.0,137.0,97.0,114.0
209,,5.0,12.0,38.0,41.0,38.0,36.0,13.0,,,,,,,,122.0,7.0,8.0,5.0,,,,,,32.0,5.0,,9.0,155.0,14.0,185.0,,,,,,,142.0,,,,,,,,,26.0,,,,,11.0,33.0,73.0,47.0,11.0,34.0,48.0,103.0,7.0,144.0,24.0,9.0,6.0,,5.0,10.0,163.0,122.0,63.0,121.0,7.0,49.0,8.0,143.0,42.0,98.0,87.0,98.0,85.0,,206,179.0,6.0,,124.0,61.0,,,130.0,30.0,12.0,,83.0,102.0,1021200.0,11.0,84.0,42.0,44.0
211,,6.0,6.0,22.0,35.0,36.0,20.0,7.0,,,,,,,,81.0,,,,,,,,,36.0,,,8.0,112.0,7.0,132.0,,,,,,,85.0,,,,5.0,,,,,35.0,,,,,10.0,25.0,57.0,25.0,9.0,18.0,30.0,84.0,,110.0,13.0,6.0,,,,13.0,114.0,79.0,53.0,89.0,,31.0,9.0,86.0,45.0,79.0,53.0,72.0,57.0,,206,132.0,,,77.0,55.0,,,89.0,22.0,15.0,,66.0,66.0,1021400.0,5.0,62.0,35.0,28.0
217,,16.0,21.0,75.0,119.0,129.0,54.0,17.0,,6.0,5.0,,,5.0,,178.0,26.0,35.0,,,,6.0,,8.0,145.0,,,25.0,382.0,22.0,433.0,,,,,,,242.0,20.0,,,5.0,9.0,,7.0,,126.0,,,,7.0,28.0,76.0,182.0,117.0,16.0,117.0,112.0,202.0,12.0,281.0,95.0,43.0,,5.0,7.0,27.0,391.0,273.0,160.0,308.0,10.0,81.0,34.0,247.0,175.0,189.0,244.0,270.0,155.0,8.0,206,415.0,18.0,,296.0,134.0,,,273.0,93.0,35.0,8.0,221.0,212.0,1022000.0,23.0,195.0,105.0,100.0
219,,,10.0,31.0,46.0,36.0,36.0,15.0,,,,,,,,80.0,12.0,9.0,,,,5.0,,,58.0,,,13.0,151.0,8.0,178.0,,,,,,,99.0,8.0,,,,,,,,56.0,,,,,15.0,29.0,66.0,46.0,14.0,51.0,45.0,80.0,6.0,121.0,35.0,15.0,,,5.0,13.0,156.0,102.0,76.0,126.0,,34.0,18.0,100.0,75.0,72.0,106.0,107.0,69.0,,206,174.0,,,124.0,51.0,,,119.0,34.0,19.0,,91.0,87.0,1022200.0,,84.0,45.0,38.0
222,,34.0,48.0,131.0,108.0,74.0,48.0,21.0,,,,,,,,231.0,38.0,69.0,11.0,7.0,,,,,94.0,7.0,,42.0,395.0,17.0,465.0,,,,,,,295.0,48.0,9.0,7.0,,,,,,88.0,,6.0,6.0,11.0,30.0,118.0,183.0,86.0,24.0,166.0,158.0,135.0,13.0,300.0,134.0,13.0,9.0,,10.0,32.0,410.0,367.0,98.0,328.0,13.0,76.0,47.0,301.0,156.0,208.0,257.0,388.0,73.0,,206,453.0,12.0,,252.0,209.0,,,286.0,118.0,44.0,8.0,231.0,234.0,1022400.0,26.0,208.0,111.0,103.0
224,,8.0,24.0,77.0,74.0,65.0,38.0,,,,7.0,,,,,137.0,23.0,14.0,15.0,,,,,,80.0,5.0,8.0,13.0,251.0,13.0,290.0,,,,,,,176.0,5.0,13.0,,9.0,,,,,72.0,,,,12.0,12.0,63.0,111.0,60.0,24.0,108.0,90.0,92.0,,213.0,62.0,11.0,,8.0,,19.0,257.0,205.0,85.0,186.0,10.0,68.0,26.0,180.0,108.0,120.0,170.0,226.0,62.0,,206,284.0,6.0,,137.0,151.0,,,173.0,69.0,25.0,13.0,140.0,150.0,1022600.0,23.0,111.0,66.0,85.0
184,,,9.0,39.0,30.0,21.0,33.0,6.0,,,,,,,,82.0,8.0,5.0,,,,,,,29.0,,,8.0,122.0,8.0,142.0,,,,,,,100.0,,,,,,,,,26.0,,,,6.0,11.0,25.0,45.0,44.0,11.0,39.0,43.0,59.0,,106.0,22.0,11.0,,,,7.0,133.0,103.0,39.0,98.0,9.0,19.0,16.0,100.0,41.0,50.0,92.0,99.0,39.0,,4000,136.0,6.0,,97.0,42.0,,,81.0,38.0,11.0,,67.0,75.0,1019000.0,5.0,56.0,27.0,46.0
192,,,5.0,18.0,23.0,32.0,15.0,,,,,,,,,60.0,,,8.0,,,,,,16.0,,,,86.0,,96.0,,,,,,,67.0,,8.0,,,,,,,14.0,,,,,7.0,23.0,32.0,23.0,6.0,27.0,26.0,40.0,,74.0,19.0,,,,,9.0,84.0,61.0,35.0,67.0,5.0,13.0,11.0,67.0,28.0,39.0,57.0,50.0,44.0,,4000,90.0,6.0,,71.0,22.0,,,60.0,15.0,8.0,5.0,46.0,50.0,1019800.0,6.0,39.0,23.0,23.0
194,,6.0,11.0,38.0,42.0,35.0,28.0,,,,,,,,,72.0,6.0,6.0,13.0,,,,,,55.0,,,9.0,138.0,13.0,163.0,,,,,,,91.0,,13.0,,,,,8.0,,34.0,,,,5.0,11.0,38.0,68.0,29.0,9.0,39.0,45.0,75.0,8.0,112.0,34.0,8.0,,,5.0,8.0,147.0,107.0,56.0,117.0,5.0,29.0,12.0,92.0,67.0,68.0,95.0,110.0,50.0,,4000,157.0,6.0,,112.0,49.0,,,103.0,31.0,18.0,6.0,94.0,69.0,1020000.0,9.0,81.0,29.0,36.0
203,,9.0,19.0,69.0,79.0,78.0,52.0,15.0,,,6.0,,,,,171.0,19.0,8.0,,,,,,,112.0,7.0,10.0,33.0,256.0,15.0,323.0,,,,,,,190.0,7.0,,,7.0,,,,,107.0,,8.0,8.0,8.0,25.0,68.0,134.0,52.0,18.0,93.0,114.0,112.0,,275.0,32.0,13.0,12.0,9.0,6.0,23.0,272.0,233.0,90.0,213.0,16.0,57.0,37.0,197.0,123.0,127.0,196.0,250.0,66.0,6.0,4000,310.0,13.0,,183.0,134.0,,,197.0,76.0,29.0,6.0,178.0,145.0,1020800.0,22.0,138.0,82.0,70.0
206,,18.0,32.0,84.0,101.0,89.0,51.0,13.0,,,,,,,,256.0,41.0,30.0,,,,5.0,,,47.0,,6.0,16.0,347.0,16.0,389.0,,,,,,,309.0,28.0,,,,,,,,43.0,,10.0,7.0,5.0,33.0,83.0,138.0,88.0,25.0,117.0,93.0,179.0,,293.0,87.0,5.0,7.0,10.0,11.0,25.0,336.0,284.0,105.0,276.0,10.0,64.0,39.0,316.0,72.0,158.0,231.0,255.0,129.0,,4000,371.0,18.0,,224.0,163.0,,,252.0,81.0,32.0,8.0,207.0,182.0,1021000.0,20.0,149.0,97.0,114.0
208,,,7.0,33.0,53.0,50.0,37.0,8.0,,,,,,,,127.0,,7.0,,,,,,,36.0,,,12.0,159.0,16.0,193.0,,,,,,,138.0,,,,,,,,,36.0,,,,5.0,15.0,36.0,67.0,48.0,15.0,38.0,52.0,103.0,6.0,156.0,17.0,13.0,,,,22.0,159.0,124.0,69.0,128.0,10.0,46.0,9.0,139.0,54.0,88.0,105.0,99.0,93.0,,4000,181.0,12.0,,120.0,72.0,,,125.0,36.0,16.0,,88.0,105.0,1021200.0,13.0,70.0,48.0,56.0
210,,,9.0,25.0,34.0,32.0,19.0,5.0,,,,,,,,93.0,,,,,,,,,22.0,,,8.0,106.0,8.0,128.0,,,,,,,97.0,,,,,,,,,22.0,,,,,6.0,29.0,47.0,27.0,9.0,18.0,39.0,71.0,,111.0,11.0,,,,,9.0,110.0,77.0,51.0,88.0,,24.0,12.0,99.0,28.0,68.0,60.0,63.0,62.0,,4000,128.0,,,84.0,44.0,,,88.0,26.0,9.0,,66.0,62.0,1021400.0,6.0,51.0,34.0,35.0
216,,14.0,27.0,99.0,114.0,115.0,54.0,16.0,,,6.0,,,,,208.0,19.0,20.0,5.0,,,,,8.0,152.0,,6.0,28.0,380.0,24.0,441.0,,,,,,,246.0,16.0,5.0,,6.0,8.0,,10.0,,132.0,,6.0,,8.0,32.0,89.0,177.0,105.0,21.0,154.0,109.0,176.0,10.0,329.0,78.0,24.0,5.0,6.0,9.0,29.0,392.0,308.0,133.0,307.0,14.0,87.0,33.0,248.0,185.0,184.0,257.0,301.0,132.0,8.0,4000,423.0,18.0,,296.0,144.0,,,261.0,92.0,48.0,7.0,230.0,211.0,1022000.0,21.0,200.0,98.0,110.0
218,,5.0,10.0,40.0,53.0,41.0,35.0,13.0,,,,,,,,95.0,12.0,5.0,,,,5.0,,,63.0,,,27.0,149.0,14.0,198.0,,,,,,,110.0,5.0,,,,,,,,69.0,,,,6.0,16.0,36.0,74.0,46.0,13.0,58.0,60.0,77.0,,144.0,34.0,14.0,,5.0,7.0,11.0,173.0,126.0,72.0,142.0,,36.0,19.0,111.0,83.0,73.0,125.0,129.0,63.0,6.0,4000,190.0,8.0,,133.0,62.0,,,131.0,38.0,18.0,,93.0,105.0,1022200.0,10.0,93.0,47.0,37.0
221,,28.0,52.0,143.0,114.0,88.0,54.0,18.0,,,6.0,,,,7.0,268.0,35.0,56.0,8.0,5.0,,,,,103.0,9.0,10.0,31.0,426.0,22.0,498.0,,,,,,,322.0,43.0,7.0,,9.0,,,,,97.0,,,5.0,13.0,38.0,101.0,199.0,102.0,34.0,184.0,174.0,135.0,9.0,350.0,122.0,14.0,7.0,,10.0,47.0,430.0,388.0,110.0,366.0,20.0,71.0,41.0,328.0,162.0,196.0,302.0,427.0,67.0,,4000,480.0,18.0,,261.0,233.0,,,317.0,117.0,44.0,8.0,239.0,259.0,1022400.0,29.0,216.0,107.0,130.0
223,,10.0,25.0,72.0,66.0,64.0,45.0,5.0,,,,,,,,142.0,26.0,10.0,13.0,,,,,,76.0,5.0,8.0,15.0,242.0,17.0,287.0,,,,,,,183.0,5.0,11.0,,6.0,,,,,65.0,,,,8.0,13.0,64.0,114.0,60.0,22.0,116.0,95.0,76.0,7.0,210.0,60.0,10.0,,10.0,,15.0,258.0,213.0,74.0,189.0,16.0,55.0,27.0,189.0,95.0,110.0,177.0,227.0,57.0,,4000,281.0,6.0,,124.0,157.0,,,163.0,71.0,27.0,13.0,131.0,156.0,1022600.0,21.0,110.0,68.0,80.0
